CREATE TABLE oil_stations (
    station_id SERIAL PRIMARY KEY,
    station_name VARCHAR(100),
    latitude FLOAT,
    longitude FLOAT,
    oil_flow_per_day FLOAT  -- в тоннах или баррелях
);


-- Таблица маршрутов (склад → клиент)
CREATE TABLE deliveries (
    delivery_id SERIAL PRIMARY KEY,
    date DATE,
    source TEXT,
    destination TEXT,
    product_type TEXT,           -- дизель, бензин и т.д.
    volume_ton NUMERIC(10,2),
    cost_usd NUMERIC(10,2),
    delay_hours NUMERIC(6,2),
    distance_km NUMERIC(8,2),
    weather_conditions TEXT,
    driver_id INT,
    vehicle_id INT
);

-- Таблица водителей
CREATE TABLE drivers (
    driver_id SERIAL PRIMARY KEY,
    name TEXT,
    experience_years INT,
    region TEXT
);

-- Таблица транспорта
CREATE TABLE vehicles (
    vehicle_id SERIAL PRIMARY KEY,
    plate_number TEXT,
    capacity_ton NUMERIC(8,2),
    fuel_type TEXT
);
-- Таблица со справочной информацией о скважинах
CREATE TABLE wells (
    well_id SERIAL PRIMARY KEY,
    name TEXT NOT NULL,
    field_name TEXT,              -- название месторождения
    region TEXT,                  -- регион добычи
    start_date DATE,
    operator TEXT,                -- обслуживающая компания
    status TEXT                   -- active / suspended / maintenance
);

-- Таблица ежедневных производственных показателей
CREATE TABLE production (
    prod_id SERIAL PRIMARY KEY,
    well_id INT REFERENCES wells(well_id),
    date DATE NOT NULL,
    oil_ton NUMERIC(10,2),        -- добыто нефти, тонн
    gas_m3 NUMERIC(12,2),         -- добыто газа, м³
    water_m3 NUMERIC(12,2),       -- добыто воды, м³
    energy_kwh NUMERIC(12,2),     -- энергопотребление
    downtime_hours NUMERIC(5,2),  -- часы простоя
    temperature NUMERIC(5,2),
    pressure NUMERIC(5,2)
);
-- Исторические параметры работы оборудования по часам
CREATE TABLE well_telemetry (
    record_id SERIAL PRIMARY KEY,
    well_id INT REFERENCES wells(well_id),
    timestamp TIMESTAMP,
    pump_speed_rpm NUMERIC(8,2),
    pump_current NUMERIC(8,2),
    pressure_in NUMERIC(8,2),
    pressure_out NUMERIC(8,2),
    temperature NUMERIC(5,2),
    vibration NUMERIC(5,2),
    oil_flow_rate NUMERIC(8,2)   -- текущий дебит, тонн/час
);

-- Целевая переменная для модели
CREATE TABLE well_targets (
    well_id INT REFERENCES wells(well_id),
    date DATE,
    daily_oil_ton NUMERIC(10,2)
);

-- Справочник насосов
CREATE TABLE pumps (
    pump_id SERIAL PRIMARY KEY,
    well_id INT REFERENCES wells(well_id),
    type TEXT,
    install_date DATE,
    manufacturer TEXT,
    model TEXT
);

-- Потоковые данные о состоянии насосов (пример: каждую минуту)
CREATE TABLE pump_sensors (
    record_id SERIAL PRIMARY KEY,
    pump_id INT REFERENCES pumps(pump_id),
    timestamp TIMESTAMP,
    temperature NUMERIC(5,2),
    vibration NUMERIC(5,2),
    current NUMERIC(8,2),
    rpm NUMERIC(8,2),
    pressure NUMERIC(8,2)
);

-- Факты отказов насосов
CREATE TABLE pump_failures (
    failure_id SERIAL PRIMARY KEY,
    pump_id INT REFERENCES pumps(pump_id),
    failure_date TIMESTAMP,
    failure_type TEXT,             -- механический, перегрев и т. д.
    downtime_hours NUMERIC(5,2)
);
INSERT INTO wells (well_id, name, field_name, region, start_date, operator, status) VALUES
(1, 'Well-101', 'Severo-Ural', 'Khanty-Mansi', '2018-03-15', 'UralOil', 'active'),
(2, 'Well-102', 'Severo-Ural', 'Khanty-Mansi', '2019-07-22', 'UralOil', 'active'),
(3, 'Well-203', 'Vostok-Field', 'Yamalo-Nenets', '2020-02-11', 'GazPromTech', 'maintenance'),
(4, 'Well-304', 'Zapad-Field', 'Tomsk', '2017-05-01', 'RosDrill', 'suspended'),
(5, 'Well-305', 'Zapad-Field', 'Tomsk', '2019-11-03', 'RosDrill', 'active');


INSERT INTO production (well_id, date, oil_ton, gas_m3, water_m3, energy_kwh, downtime_hours, temperature, pressure) VALUES
-- Well-101
(1,'2025-10-01',212.4,55200,182.3,7450,0.5,88.1,120.4),
(1,'2025-10-02',213.8,55320,181.9,7490,0.3,87.8,121.0),
(1,'2025-10-03',211.9,55040,183.2,7430,0.7,88.5,119.8),
(1,'2025-10-04',215.1,55500,180.5,7515,0.2,87.6,121.5),
(1,'2025-10-05',214.6,55380,182.0,7480,0.4,88.0,120.9),
(1,'2025-10-06',213.2,55210,183.1,7460,0.6,88.2,120.3),
(1,'2025-10-07',211.7,55000,184.0,7420,1.0,89.1,119.6),
(1,'2025-10-08',212.5,55130,182.5,7445,0.3,88.4,120.1),
(1,'2025-10-09',213.9,55310,181.6,7475,0.4,88.0,121.2),
(1,'2025-10-10',212.0,55080,183.0,7435,0.8,88.7,120.0),
(1,'2025-10-11',211.4,54950,184.2,7410,0.5,88.9,119.7),
(1,'2025-10-12',213.1,55180,182.8,7455,0.6,88.3,120.6),
(1,'2025-10-13',214.9,55440,181.5,7490,0.3,87.9,121.0),
(1,'2025-10-14',215.2,55510,180.8,7500,0.2,87.7,121.3),
(1,'2025-10-15',212.7,55170,182.9,7450,0.4,88.2,120.4),
(1,'2025-10-16',211.5,54990,183.4,7430,0.7,88.6,119.9),
(1,'2025-10-17',212.2,55100,182.7,7440,0.6,88.4,120.1),
(1,'2025-10-18',213.5,55270,181.9,7470,0.4,88.1,120.8),
(1,'2025-10-19',214.0,55360,181.2,7480,0.3,87.8,121.2),
(1,'2025-10-20',213.6,55290,182.0,7475,0.5,88.0,120.9),
(1,'2025-10-21',212.8,55170,183.1,7450,0.4,88.3,120.3),
(1,'2025-10-22',211.9,55020,184.0,7420,0.8,88.9,119.8),
(1,'2025-10-23',212.7,55110,183.2,7440,0.6,88.4,120.2),
(1,'2025-10-24',214.2,55380,181.6,7480,0.3,87.9,121.1),
(1,'2025-10-25',213.4,55240,182.4,7465,0.5,88.1,120.7),
(1,'2025-10-26',212.6,55100,183.5,7440,0.6,88.4,120.2),
(1,'2025-10-27',213.9,55310,181.7,7475,0.4,88.0,121.0),
(1,'2025-10-28',214.5,55400,181.0,7485,0.3,87.7,121.3),
(1,'2025-10-29',212.3,55150,182.8,7450,0.5,88.2,120.4),
(1,'2025-10-30',213.0,55240,182.1,7460,0.4,88.0,120.6),

-- Well-102
(2,'2025-10-01',186.1,49800,162.0,6800,0.8,84.5,115.4),
(2,'2025-10-02',184.8,49670,161.7,6765,1.0,84.3,114.8),
(2,'2025-10-03',185.9,49780,160.9,6780,0.7,84.7,115.2),
(2,'2025-10-04',187.3,49910,160.1,6820,0.5,84.2,115.9),
(2,'2025-10-05',186.8,49860,161.0,6810,0.6,84.4,115.6),
(2,'2025-10-06',185.4,49700,162.4,6785,0.9,84.6,115.0),
(2,'2025-10-07',184.2,49580,163.0,6760,1.2,84.9,114.7),
(2,'2025-10-08',185.1,49700,161.9,6780,0.8,84.5,115.2),
(2,'2025-10-09',186.5,49840,160.7,6810,0.6,84.3,115.7),
(2,'2025-10-10',185.9,49790,161.3,6795,0.7,84.5,115.3),
(2,'2025-10-11',184.7,49650,162.0,6770,1.0,84.7,114.9),
(2,'2025-10-12',185.3,49710,161.8,6785,0.8,84.6,115.1),
(2,'2025-10-13',186.4,49850,160.9,6805,0.5,84.3,115.6),
(2,'2025-10-14',187.0,49920,160.2,6820,0.4,84.2,115.9),
(2,'2025-10-15',185.7,49770,161.5,6790,0.7,84.5,115.2),
(2,'2025-10-16',184.6,49640,162.4,6770,1.0,84.8,114.8),
(2,'2025-10-17',185.2,49700,161.9,6785,0.8,84.6,115.0),
(2,'2025-10-18',186.3,49840,160.8,6810,0.6,84.4,115.5),
(2,'2025-10-19',186.9,49900,160.1,6825,0.5,84.2,115.8),
(2,'2025-10-20',185.8,49780,161.4,6795,0.7,84.5,115.3),
(2,'2025-10-21',184.9,49660,162.3,6775,1.0,84.8,114.9),
(2,'2025-10-22',185.5,49720,161.7,6785,0.8,84.6,115.1),
(2,'2025-10-23',186.7,49860,160.6,6810,0.5,84.3,115.6),
(2,'2025-10-24',187.2,49910,160.0,6820,0.4,84.2,115.9),
(2,'2025-10-25',185.6,49780,161.6,6790,0.7,84.5,115.3),
(2,'2025-10-26',184.5,49640,162.5,6770,1.0,84.8,114.8),
(2,'2025-10-27',185.1,49700,161.8,6785,0.8,84.6,115.1),
(2,'2025-10-28',186.4,49840,160.7,6810,0.6,84.4,115.5),
(2,'2025-10-29',186.9,49900,160.1,6825,0.5,84.2,115.8),
(2,'2025-10-30',185.8,49780,161.4,6795,0.7,84.5,115.3),

-- Well-203
(3,'2025-10-01',121.8,40120,121.5,5280,2.0,79.4,107.1),
(3,'2025-10-02',120.7,40010,120.8,5250,2.2,79.7,106.8),
(3,'2025-10-03',122.1,40180,121.0,5300,1.8,79.3,107.3),
(3,'2025-10-04',123.0,40300,120.3,5330,1.5,79.1,107.6),
(3,'2025-10-05',121.4,40140,121.2,5280,2.1,79.5,107.0),
(3,'2025-10-06',120.9,40060,121.7,5260,2.3,79.8,106.8),
(3,'2025-10-07',119.7,39920,122.5,5230,2.8,80.2,106.4),
(3,'2025-10-08',121.0,40080,121.1,5270,2.0,79.6,107.0),
(3,'2025-10-09',122.3,40210,120.5,5300,1.7,79.2,107.4),
(3,'2025-10-10',121.9,40160,121.0,5285,2.0,79.4,107.2),
(3,'2025-10-11',120.8,40040,121.8,5260,2.3,79.8,106.8),
(3,'2025-10-12',121.3,40100,121.4,5275,2.1,79.5,107.0),
(3,'2025-10-13',122.6,40250,120.7,5305,1.6,79.1,107.5),
(3,'2025-10-14',123.2,40310,120.2,5330,1.5,79.0,107.7),
(3,'2025-10-15',121.6,40140,121.3,5280,2.0,79.4,107.1),
(3,'2025-10-16',120.7,40030,121.9,5255,2.2,79.7,106.8),
(3,'2025-10-17',121.0,40090,121.5,5270,2.0,79.6,107.0),
(3,'2025-10-18',122.2,40220,120.6,5300,1.8,79.3,107.4),
(3,'2025-10-19',123.0,40300,120.0,5325,1.5,79.1,107.6),
(3,'2025-10-20',121.9,40180,121.0,5285,2.0,79.4,107.2),
(3,'2025-10-21',120.8,40050,121.8,5260,2.3,79.8,106.8),
(3,'2025-10-22',121.2,40100,121.4,5275,2.1,79.5,107.0),
(3,'2025-10-23',122.5,40240,120.8,5305,1.6,79.1,107.5),
(3,'2025-10-24',123.1,40310,120.3,5330,1.5,79.0,107.7),
(3,'2025-10-25',121.5,40140,121.2,5280,2.0,79.4,107.1),
(3,'2025-10-26',120.6,40030,121.9,5255,2.2,79.7,106.8),
(3,'2025-10-27',121.0,40090,121.5,5270,2.0,79.6,107.0),
(3,'2025-10-28',122.2,40220,120.6,5300,1.8,79.3,107.4),
(3,'2025-10-29',123.0,40300,120.0,5325,1.5,79.1,107.6),
(3,'2025-10-30',121.9,40180,121.0,5285,2.0,79.4,107.2),

-- Well-304 (Suspended)
(4,'2025-10-01',0,0,0,0,24,NULL,NULL),
(4,'2025-10-02',0,0,0,0,24,NULL,NULL),
(4,'2025-10-03',0,0,0,0,24,NULL,NULL),
(4,'2025-10-04',0,0,0,0,24,NULL,NULL),
(4,'2025-10-05',0,0,0,0,24,NULL,NULL),
(4,'2025-10-06',0,0,0,0,24,NULL,NULL),
(4,'2025-10-07',0,0,0,0,24,NULL,NULL),
(4,'2025-10-08',0,0,0,0,24,NULL,NULL),
(4,'2025-10-09',0,0,0,0,24,NULL,NULL),
(4,'2025-10-10',0,0,0,0,24,NULL,NULL),
(4,'2025-10-11',0,0,0,0,24,NULL,NULL),
(4,'2025-10-12',0,0,0,0,24,NULL,NULL),
(4,'2025-10-13',0,0,0,0,24,NULL,NULL),
(4,'2025-10-14',0,0,0,0,24,NULL,NULL),
(4,'2025-10-15',0,0,0,0,24,NULL,NULL),
(4,'2025-10-16',0,0,0,0,24,NULL,NULL),
(4,'2025-10-17',0,0,0,0,24,NULL,NULL),
(4,'2025-10-18',0,0,0,0,24,NULL,NULL),
(4,'2025-10-19',0,0,0,0,24,NULL,NULL),
(4,'2025-10-20',0,0,0,0,24,NULL,NULL),
(4,'2025-10-21',0,0,0,0,24,NULL,NULL),
(4,'2025-10-22',0,0,0,0,24,NULL,NULL),
(4,'2025-10-23',0,0,0,0,24,NULL,NULL),
(4,'2025-10-24',0,0,0,0,24,NULL,NULL),
(4,'2025-10-25',0,0,0,0,24,NULL,NULL),
(4,'2025-10-26',0,0,0,0,24,NULL,NULL),
(4,'2025-10-27',0,0,0,0,24,NULL,NULL),
(4,'2025-10-28',0,0,0,0,24,NULL,NULL),
(4,'2025-10-29',0,0,0,0,24,NULL,NULL),
(4,'2025-10-30',0,0,0,0,24,NULL,NULL),

-- Well-305
(5,'2025-10-01',197.2,52050,165.3,7200,0.4,86.5,118.8),
(5,'2025-10-02',198.0,52200,166.1,7230,0.5,86.7,119.3),
(5,'2025-10-03',199.3,52350,165.7,7260,0.6,87.0,119.7),
(5,'2025-10-04',197.5,52100,166.5,7210,0.5,86.6,119.0),
(5,'2025-10-05',198.2,52240,165.9,7240,0.4,86.8,119.4),
(5,'2025-10-06',199.1,52380,165.4,7265,0.3,87.0,119.8),
(5,'2025-10-07',198.5,52300,166.0,7250,0.4,86.9,119.6),
(5,'2025-10-08',197.8,52180,166.4,7230,0.5,86.7,119.2),
(5,'2025-10-09',199.0,52340,165.8,7255,0.3,86.9,119.7),
(5,'2025-10-10',198.7,52300,166.0,7245,0.4,86.8,119.5),
(5,'2025-10-11',197.9,52160,166.5,7225,0.6,86.6,119.1),
(5,'2025-10-12',198.6,52280,165.9,7240,0.5,86.8,119.4),
(5,'2025-10-13',199.3,52390,165.5,7260,0.3,87.0,119.8),
(5,'2025-10-14',198.9,52320,165.8,7250,0.4,86.9,119.6),
(5,'2025-10-15',198.0,52190,166.3,7230,0.5,86.7,119.3),
(5,'2025-10-16',197.4,52080,166.6,7215,0.6,86.6,119.0),
(5,'2025-10-17',198.5,52280,166.0,7240,0.4,86.8,119.4),
(5,'2025-10-18',199.1,52390,165.5,7260,0.3,87.0,119.8),
(5,'2025-10-19',198.6,52310,165.8,7250,0.4,86.9,119.6),
(5,'2025-10-20',197.9,52180,166.4,7230,0.5,86.7,119.2),
(5,'2025-10-21',199.0,52340,165.8,7255,0.3,86.9,119.7),
(5,'2025-10-22',198.7,52300,166.0,7245,0.4,86.8,119.5),
(5,'2025-10-23',197.9,52160,166.5,7225,0.6,86.6,119.1),
(5,'2025-10-24',198.6,52280,165.9,7240,0.5,86.8,119.4),
(5,'2025-10-25',199.3,52390,165.5,7260,0.3,87.0,119.8),
(5,'2025-10-26',198.9,52320,165.8,7250,0.4,86.9,119.6),
(5,'2025-10-27',198.0,52190,166.3,7230,0.5,86.7,119.3),
(5,'2025-10-28',197.4,52080,166.6,7215,0.6,86.6,119.0),
(5,'2025-10-29',198.5,52280,166.0,7240,0.4,86.8,119.4),
(5,'2025-10-30',199.1,52390,165.5,7260,0.3,87.0,119.8);
INSERT INTO well_telemetry (well_id, timestamp, pump_speed_rpm, pump_current, pressure_in, pressure_out, temperature, vibration, oil_flow_rate) VALUES
-- Well-101 telemetry
(1,'2025-10-01 00:00',1470,58.2,95.3,122.4,88.1,1.4,8.8),
(1,'2025-10-01 01:00',1468,58.5,95.1,122.1,88.2,1.5,8.9),
(1,'2025-10-01 02:00',1472,58.0,94.9,121.8,88.3,1.6,8.7),
(1,'2025-10-01 03:00',1475,58.3,95.0,122.2,88.4,1.4,8.8),
(1,'2025-10-01 04:00',1473,58.1,94.8,121.9,88.2,1.5,8.7),
(1,'2025-10-01 05:00',1470,58.4,95.0,122.3,88.1,1.6,8.9),
(1,'2025-10-01 06:00',1469,58.2,95.1,122.0,88.0,1.5,8.8),
(1,'2025-10-01 07:00',1474,58.6,94.9,121.7,88.3,1.4,8.7),
(1,'2025-10-01 08:00',1475,58.7,95.2,122.5,88.5,1.3,8.9),
(1,'2025-10-01 09:00',1473,58.3,95.0,122.2,88.2,1.4,8.8),
(1,'2025-10-01 10:00',1472,58.1,94.8,121.9,88.3,1.6,8.7),
(1,'2025-10-01 11:00',1470,58.5,95.1,122.4,88.1,1.5,8.9),
(1,'2025-10-01 12:00',1476,58.7,95.4,122.7,88.6,1.3,8.9),
(1,'2025-10-01 13:00',1475,58.6,95.2,122.5,88.5,1.4,8.8),
(1,'2025-10-01 14:00',1473,58.2,95.0,122.1,88.2,1.6,8.7),
(1,'2025-10-01 15:00',1474,58.4,95.1,122.3,88.3,1.5,8.8),
(1,'2025-10-01 16:00',1475,58.7,95.3,122.6,88.5,1.3,8.9),
(1,'2025-10-01 17:00',1471,58.2,94.9,121.8,88.2,1.6,8.7),
(1,'2025-10-01 18:00',1470,58.4,95.0,122.3,88.1,1.5,8.8),
(1,'2025-10-01 19:00',1474,58.6,95.2,122.5,88.4,1.4,8.9),
(1,'2025-10-01 20:00',1475,58.7,95.3,122.6,88.5,1.3,8.9),
(1,'2025-10-01 21:00',1472,58.1,94.8,121.9,88.3,1.6,8.7),
(1,'2025-10-01 22:00',1470,58.4,95.1,122.4,88.2,1.5,8.8),
(1,'2025-10-01 23:00',1475,58.6,95.2,122.5,88.4,1.4,8.9),

-- Well-102 telemetry
(2,'2025-10-01 00:00',1430,54.5,91.2,115.4,84.3,1.5,7.5),
(2,'2025-10-01 01:00',1428,54.3,91.0,115.0,84.2,1.6,7.4),
(2,'2025-10-01 02:00',1431,54.7,91.3,115.6,84.4,1.4,7.6),
(2,'2025-10-01 03:00',1432,54.8,91.5,115.8,84.5,1.3,7.6),
(2,'2025-10-01 04:00',1429,54.4,91.1,115.3,84.2,1.5,7.5),
(2,'2025-10-01 05:00',1430,54.6,91.3,115.5,84.3,1.4,7.6),
(2,'2025-10-01 06:00',1431,54.7,91.2,115.4,84.4,1.4,7.5),
(2,'2025-10-01 07:00',1433,54.9,91.5,115.8,84.5,1.3,7.6),
(2,'2025-10-01 08:00',1432,54.8,91.4,115.7,84.4,1.4,7.6),
(2,'2025-10-01 09:00',1430,54.6,91.3,115.5,84.3,1.5,7.5),
(2,'2025-10-01 10:00',1429,54.5,91.1,115.2,84.2,1.6,7.4),
(2,'2025-10-01 11:00',1433,54.9,91.5,115.8,84.5,1.3,7.6),
(2,'2025-10-01 12:00',1431,54.7,91.3,115.6,84.4,1.4,7.6),
(2,'2025-10-01 13:00',1432,54.8,91.4,115.7,84.4,1.4,7.6),
(2,'2025-10-01 14:00',1430,54.6,91.3,115.5,84.3,1.5,7.5),
(2,'2025-10-01 15:00',1428,54.3,91.0,115.0,84.2,1.6,7.4),
(2,'2025-10-01 16:00',1431,54.7,91.3,115.6,84.4,1.4,7.6),
(2,'2025-10-01 17:00',1433,54.9,91.5,115.8,84.5,1.3,7.6),
(2,'2025-10-01 18:00',1430,54.6,91.3,115.5,84.3,1.5,7.5),
(2,'2025-10-01 19:00',1431,54.7,91.3,115.6,84.4,1.4,7.6),
(2,'2025-10-01 20:00',1432,54.8,91.4,115.7,84.4,1.4,7.6),
(2,'2025-10-01 21:00',1430,54.6,91.3,115.5,84.3,1.5,7.5),
(2,'2025-10-01 22:00',1429,54.5,91.1,115.3,84.2,1.6,7.4),
(2,'2025-10-01 23:00',1431,54.7,91.3,115.6,84.4,1.4,7.6);


INSERT INTO well_targets (well_id, date, daily_oil_ton) VALUES
-- Well-101
(1,'2025-10-01',212.4),
(1,'2025-10-02',213.8),
(1,'2025-10-03',211.9),
(1,'2025-10-04',215.1),
(1,'2025-10-05',214.6),
(1,'2025-10-06',213.2),
(1,'2025-10-07',211.7),
(1,'2025-10-08',212.5),
(1,'2025-10-09',213.9),
(1,'2025-10-10',212.0),
(1,'2025-10-11',211.4),
(1,'2025-10-12',213.1),
(1,'2025-10-13',214.9),
(1,'2025-10-14',215.2),
(1,'2025-10-15',212.7),
(1,'2025-10-16',211.5),
(1,'2025-10-17',212.2),
(1,'2025-10-18',213.5),
(1,'2025-10-19',214.0),
(1,'2025-10-20',213.6),
(1,'2025-10-21',212.8),
(1,'2025-10-22',211.9),
(1,'2025-10-23',212.7),
(1,'2025-10-24',214.2),
(1,'2025-10-25',213.4),
(1,'2025-10-26',212.6),
(1,'2025-10-27',213.9),
(1,'2025-10-28',214.5),
(1,'2025-10-29',212.3),
(1,'2025-10-30',213.0),

-- Well-102
(2,'2025-10-01',185.9),
(2,'2025-10-02',184.8),
(2,'2025-10-03',185.9),
(2,'2025-10-04',187.3),
(2,'2025-10-05',186.8),
(2,'2025-10-06',185.4),
(2,'2025-10-07',184.2),
(2,'2025-10-08',185.1),
(2,'2025-10-09',186.5),
(2,'2025-10-10',185.9),
(2,'2025-10-11',184.7),
(2,'2025-10-12',185.3),
(2,'2025-10-13',186.4),
(2,'2025-10-14',187.0),
(2,'2025-10-15',185.7),
(2,'2025-10-16',184.6),
(2,'2025-10-17',185.2),
(2,'2025-10-18',186.3),
(2,'2025-10-19',186.9),
(2,'2025-10-20',185.8),
(2,'2025-10-21',184.9),
(2,'2025-10-22',185.5),
(2,'2025-10-23',186.7),
(2,'2025-10-24',187.2),
(2,'2025-10-25',185.6),
(2,'2025-10-26',184.5),
(2,'2025-10-27',185.1),
(2,'2025-10-28',186.4),
(2,'2025-10-29',186.9),
(2,'2025-10-30',185.8),

-- Well-305
(5,'2025-10-01',197.2),
(5,'2025-10-02',198.0),
(5,'2025-10-03',199.3),
(5,'2025-10-04',197.5),
(5,'2025-10-05',198.2),
(5,'2025-10-06',199.1),
(5,'2025-10-07',198.5),
(5,'2025-10-08',197.8),
(5,'2025-10-09',199.0),
(5,'2025-10-10',198.7),
(5,'2025-10-11',197.9),
(5,'2025-10-12',198.6),
(5,'2025-10-13',199.3),
(5,'2025-10-14',198.9),
(5,'2025-10-15',198.0),
(5,'2025-10-16',197.4),
(5,'2025-10-17',198.5),
(5,'2025-10-18',199.1),
(5,'2025-10-19',198.6),
(5,'2025-10-20',197.9),
(5,'2025-10-21',199.0),
(5,'2025-10-22',198.7),
(5,'2025-10-23',197.9),
(5,'2025-10-24',198.6),
(5,'2025-10-25',199.3),
(5,'2025-10-26',198.9),
(5,'2025-10-27',198.0),
(5,'2025-10-28',197.4),
(5,'2025-10-29',198.5),
(5,'2025-10-30',199.1);


INSERT INTO oil_stations (station_name, latitude, longitude, oil_flow_per_day)
VALUES
('Ufa Station', 54.7388, 55.9721, 12500),
('Perm Station', 58.0105, 56.2294, 8700),
('Omsk Station', 54.9893, 73.3682, 15600),
('Tyumen Station', 57.1530, 65.5343, 11200),
('Kazan Station', 55.7963, 49.1088, 9400),
('Samara Station', 53.1959, 50.1008, 10800),
('Saratov Station', 51.5331, 46.0342, 9700),
('Volgograd Station', 48.7080, 44.5133, 8800),
('Yaroslavl Station', 57.6261, 39.8845, 7600),
('Moscow Station', 55.7558, 37.6173, 14300),
('Chelyabinsk Station', 55.1644, 61.4368, 11900),
('Novosibirsk Station', 55.0084, 82.9357, 16700),
('Kurgan Station', 55.4410, 65.3411, 8200),
('Nizhny Novgorod Station', 56.2965, 43.9361, 10200),
('Rostov Station', 47.2357, 39.7015, 9100),
('Krasnodar Station', 45.0355, 38.9753, 8900),
('Voronezh Station', 51.6720, 39.1843, 9800),
('Orenburg Station', 51.7682, 55.0969, 9400),
('Ekaterinburg Station', 56.8389, 60.6057, 13300),
('Astrakhan Station', 46.3497, 48.0408, 8700);

INSERT INTO pumps (pump_id, well_id, type, install_date, manufacturer, model) VALUES
(1, 1, 'ESP-500', '2022-04-10', 'NOV', 'ALX500'),
(2, 1, 'ESP-500', '2022-04-15', 'NOV', 'ALX500'),
(3, 2, 'Centrifugal-300', '2021-12-01', 'Borets', 'CF300'),
(4, 3, 'Progressive-100', '2023-01-12', 'Schlumberger', 'PG100'),
(5, 5, 'ESP-450', '2022-07-21', 'BakerHughes', 'BH450');

INSERT INTO pump_sensors (pump_id, timestamp, temperature, vibration, current, rpm, pressure) VALUES
-- Pump 1 (Well-101)
(1,'2025-10-01 00:00',72.3,2.1,58.2,1470,122.4),
(1,'2025-10-01 03:00',72.6,2.0,58.4,1472,122.5),
(1,'2025-10-01 06:00',73.1,2.2,58.6,1474,122.6),
(1,'2025-10-01 09:00',72.8,2.1,58.3,1471,122.3),
(1,'2025-10-01 12:00',73.0,2.3,58.5,1473,122.7),
(1,'2025-10-01 15:00',73.2,2.4,58.7,1475,122.9),
(1,'2025-10-01 18:00',73.5,2.5,59.0,1477,123.1),
(1,'2025-10-01 21:00',74.1,2.8,59.5,1480,123.4),
(1,'2025-10-02 00:00',74.0,2.6,59.3,1479,123.2),
(1,'2025-10-02 03:00',73.8,2.7,59.1,1478,123.1),
(1,'2025-10-02 06:00',73.5,2.5,58.8,1476,122.8),
(1,'2025-10-02 09:00',73.3,2.3,58.6,1474,122.7),
(1,'2025-10-02 12:00',73.6,2.4,58.7,1475,122.8),
(1,'2025-10-02 15:00',74.2,2.8,59.2,1479,123.2),
(1,'2025-10-02 18:00',75.0,3.1,59.8,1483,123.8),
(1,'2025-10-02 21:00',76.2,3.6,60.5,1489,124.5),
(1,'2025-10-03 00:00',77.5,3.9,61.0,1492,124.8),
(1,'2025-10-03 03:00',78.2,4.5,61.5,1495,125.3),
(1,'2025-10-03 06:00',79.1,5.0,62.0,1498,125.8),
(1,'2025-10-03 09:00',80.5,5.6,62.5,1500,126.4),
(1,'2025-10-03 12:00',81.7,6.3,63.0,1502,126.9),
(1,'2025-10-03 15:00',82.8,7.2,63.5,1503,127.4),
(1,'2025-10-03 18:00',83.9,8.0,64.0,1505,127.8),
(1,'2025-10-03 21:00',85.1,9.1,65.2,1508,128.3),

-- Pump 3 (Well-102)
(3,'2025-10-01 00:00',69.1,1.9,54.1,1430,115.4),
(3,'2025-10-01 03:00',69.3,1.8,54.3,1431,115.6),
(3,'2025-10-01 06:00',69.5,1.7,54.4,1432,115.7),
(3,'2025-10-01 09:00',69.4,1.8,54.2,1431,115.5),
(3,'2025-10-01 12:00',69.6,1.9,54.3,1432,115.6),
(3,'2025-10-01 15:00',69.9,2.0,54.5,1434,115.9),
(3,'2025-10-01 18:00',70.1,2.1,54.6,1435,116.1),
(3,'2025-10-01 21:00',70.3,2.3,54.7,1436,116.3),
(3,'2025-10-02 00:00',70.4,2.4,54.8,1437,116.4),
(3,'2025-10-02 03:00',70.5,2.6,54.9,1438,116.5),
(3,'2025-10-02 06:00',70.8,2.7,55.1,1440,116.7),
(3,'2025-10-02 09:00',71.1,2.8,55.3,1442,116.9),
(3,'2025-10-02 12:00',71.4,3.0,55.4,1444,117.0),
(3,'2025-10-02 15:00',71.7,3.1,55.6,1445,117.2),
(3,'2025-10-02 18:00',72.0,3.3,55.8,1447,117.4),
(3,'2025-10-02 21:00',72.6,3.5,56.0,1449,117.6),
(3,'2025-10-03 00:00',73.2,3.8,56.3,1452,117.9),
(3,'2025-10-03 03:00',74.0,4.3,56.8,1456,118.3),
(3,'2025-10-03 06:00',75.1,5.0,57.4,1460,118.8),
(3,'2025-10-03 09:00',76.5,5.6,58.0,1465,119.3),
(3,'2025-10-03 12:00',77.8,6.2,58.5,1470,119.8),
(3,'2025-10-03 15:00',79.0,7.0,59.0,1474,120.3),
(3,'2025-10-03 18:00',80.2,8.1,59.5,1478,120.8),
(3,'2025-10-03 21:00',81.4,9.4,60.0,1480,121.2),

-- Pump 5 (Well-305)
(5,'2025-10-01 00:00',70.8,2.2,56.1,1460,119.4),
(5,'2025-10-01 03:00',71.0,2.3,56.2,1461,119.5),
(5,'2025-10-01 06:00',71.2,2.4,56.4,1463,119.7),
(5,'2025-10-01 09:00',71.4,2.6,56.6,1465,119.9),
(5,'2025-10-01 12:00',71.7,2.8,56.9,1467,120.1),
(5,'2025-10-01 15:00',72.0,3.0,57.2,1469,120.3),
(5,'2025-10-01 18:00',72.5,3.3,57.6,1472,120.6),
(5,'2025-10-01 21:00',73.0,3.7,58.0,1476,120.9),
(5,'2025-10-02 00:00',73.5,4.1,58.4,1480,121.2),
(5,'2025-10-02 03:00',74.0,4.6,58.8,1484,121.5),
(5,'2025-10-02 06:00',74.6,5.2,59.2,1488,121.9),
(5,'2025-10-02 09:00',75.3,5.9,59.7,1493,122.3),
(5,'2025-10-02 12:00',76.0,6.6,60.2,1498,122.8),
(5,'2025-10-02 15:00',77.2,7.4,60.8,1502,123.3),
(5,'2025-10-02 18:00',78.4,8.3,61.4,1506,123.8),
(5,'2025-10-02 21:00',79.6,9.3,61.9,1510,124.3),
(5,'2025-10-03 00:00',80.8,10.4,62.3,1513,124.6),
(5,'2025-10-03 03:00',82.0,11.6,62.8,1516,124.9),
(5,'2025-10-03 06:00',83.1,12.9,63.3,1519,125.2),
(5,'2025-10-03 09:00',84.3,14.3,63.8,1522,125.5),
(5,'2025-10-03 12:00',85.5,15.8,64.2,1525,125.8),
(5,'2025-10-03 15:00',86.8,17.3,64.6,1528,126.0),
(5,'2025-10-03 18:00',88.0,18.9,65.1,1531,126.3),
(5,'2025-10-03 21:00',89.3,20.5,65.5,1534,126.6);


INSERT INTO pump_failures (pump_id, failure_date, failure_type, downtime_hours) VALUES
(1, '2025-10-04 02:00', 'Overheating', 6.5),
(3, '2025-10-04 06:00', 'Bearing vibration', 8.0),
(5, '2025-10-04 08:00', 'Electrical fault', 10.2);

INSERT INTO drivers (driver_id, name, experience_years, region) VALUES
(1, 'Ivan Petrov', 8, 'Khanty-Mansi'),
(2, 'Sergey Sidorov', 12, 'Tomsk'),
(3, 'Aleksey Smirnov', 5, 'Tyumen'),
(4, 'Pavel Egorov', 15, 'Perm'),
(5, 'Andrey Kuznetsov', 10, 'Omsk');

INSERT INTO vehicles (vehicle_id, plate_number, capacity_ton, fuel_type) VALUES
(1, 'X123HM89', 40.0, 'diesel'),
(2, 'K456TM70', 35.0, 'diesel'),
(3, 'A789PO72', 25.0, 'gas'),
(4, 'M234KE86', 30.0, 'diesel'),
(5, 'E567TT55', 20.0, 'diesel');

INSERT INTO deliveries (date, source, destination, product_type, volume_ton, cost_usd, delay_hours, distance_km, weather_conditions, driver_id, vehicle_id) VALUES
('2025-10-01', 'Base-Khanty', 'Station-01', 'Diesel', 32.5, 2100.50, 0.0, 180.0, 'Clear', 1, 1),
('2025-10-01', 'Base-Tomsk', 'Station-02', 'Gasoline', 28.0, 1850.00, 1.5, 150.0, 'Rain', 2, 2),
('2025-10-01', 'Base-Tyumen', 'Station-03', 'Diesel', 22.0, 1650.25, 0.0, 120.0, 'Clear', 3, 3),
('2025-10-02', 'Base-Khanty', 'Station-04', 'Kerosene', 35.0, 2400.80, 2.0, 210.0, 'Fog', 4, 1),
('2025-10-02', 'Base-Tomsk', 'Station-05', 'Gasoline', 20.5, 1500.00, 0.5, 110.0, 'Cloudy', 5, 2),
('2025-10-03', 'Base-Khanty', 'Station-06', 'Diesel', 33.2, 2200.75, 0.0, 185.0, 'Clear', 1, 1),
('2025-10-03', 'Base-Tyumen', 'Station-07', 'Gasoline', 27.8, 1800.20, 3.0, 160.0, 'Rain', 3, 3),
('2025-10-03', 'Base-Tomsk', 'Station-08', 'Diesel', 29.5, 1950.40, 1.0, 140.0, 'Clear', 2, 2),
('2025-10-04', 'Base-Khanty', 'Station-09', 'Kerosene', 31.0, 2000.90, 0.0, 170.0, 'Clear', 4, 1),
('2025-10-04', 'Base-Omsk', 'Station-10', 'Diesel', 25.0, 1750.60, 0.5, 130.0, 'Cloudy', 5, 5),
('2025-10-05', 'Base-Khanty', 'Station-11', 'Diesel', 34.2, 2250.80, 1.0, 190.0, 'Rain', 1, 1),
('2025-10-05', 'Base-Tomsk', 'Station-12', 'Gasoline', 26.8, 1850.00, 0.0, 155.0, 'Clear', 2, 2),
('2025-10-06', 'Base-Tyumen', 'Station-13', 'Diesel', 23.5, 1680.90, 0.0, 125.0, 'Clear', 3, 3),
('2025-10-06', 'Base-Omsk', 'Station-14', 'Kerosene', 18.0, 1400.40, 4.0, 100.0, 'Snow', 5, 5),
('2025-10-07', 'Base-Khanty', 'Station-15', 'Diesel', 32.9, 2150.60, 0.0, 182.0, 'Clear', 4, 1),
('2025-10-07', 'Base-Tomsk', 'Station-16', 'Gasoline', 27.0, 1780.00, 0.5, 150.0, 'Cloudy', 2, 2),
('2025-10-08', 'Base-Tyumen', 'Station-17', 'Diesel', 21.8, 1620.20, 0.0, 118.0, 'Clear', 3, 3),
('2025-10-08', 'Base-Omsk', 'Station-18', 'Kerosene', 19.2, 1420.00, 2.5, 105.0, 'Rain', 5, 5),
('2025-10-09', 'Base-Khanty', 'Station-19', 'Diesel', 33.5, 2180.40, 0.0, 186.0, 'Clear', 1, 1),
('2025-10-09', 'Base-Tomsk', 'Station-20', 'Gasoline', 28.4, 1820.00, 1.0, 152.0, 'Fog', 2, 2),
('2025-10-10', 'Base-Tyumen', 'Station-21', 'Diesel', 22.6, 1660.00, 0.0, 122.0, 'Clear', 3, 3),
('2025-10-10', 'Base-Omsk', 'Station-22', 'Kerosene', 20.0, 1450.00, 3.0, 108.0, 'Snow', 5, 5),
('2025-10-11', 'Base-Khanty', 'Station-23', 'Diesel', 31.8, 2100.00, 0.5, 175.0, 'Clear', 4, 1),
('2025-10-11', 'Base-Tomsk', 'Station-24', 'Gasoline', 26.5, 1800.00, 0.0, 149.0, 'Cloudy', 2, 2),
('2025-10-12', 'Base-Tyumen', 'Station-25', 'Diesel', 24.3, 1700.00, 0.0, 126.0, 'Clear', 3, 3),
('2025-10-12', 'Base-Omsk', 'Station-26', 'Kerosene', 18.9, 1430.00, 2.0, 104.0, 'Rain', 5, 5),
('2025-10-13', 'Base-Khanty', 'Station-27', 'Diesel', 35.0, 2300.00, 0.0, 200.0, 'Clear', 1, 1),
('2025-10-13', 'Base-Tomsk', 'Station-28', 'Gasoline', 29.0, 1880.00, 1.5, 157.0, 'Fog', 2, 2),
('2025-10-14', 'Base-Tyumen', 'Station-29', 'Diesel', 23.1, 1680.00, 0.0, 124.0, 'Clear', 3, 3),
('2025-10-14', 'Base-Omsk', 'Station-30', 'Kerosene', 19.5, 1450.00, 3.5, 109.0, 'Snow', 5, 5);
